titles,category
reassessing the genetic lineage tracing of lingual lgr    and lgr    cells in vivo,생물학
the nasal lymphatic route of csf outflow  implications for neurodegenerative disease diagnosis and monitoring,생물학
endothelial periostin regulates vascular remodeling by promoting endothelial dysfunction in pulmonary arterial hypertension,생물학
eugenol ameliorates uveitis in mice with experimental autoimmune encephalomyelitis through the suppression of key inflammatory genes,생물학
new insight of square stepping exercise in immune fine tuning for anticipating emerging pandemics,생물학
blocking slc a   attenuates the proliferation of esophageal squamous cell carcinoma cells,생물학
anti obesity and immunomodulatory effects of oil and fermented extract dried from tenebrio molitor larvae on aged obese mice,생물학
generation of mouse and rat xenogeneic ovaries in vitro for production of mouse oocyte,생물학
lamin a c facilitates dna damage response by modulating atm signaling and homologous recombination pathways,생물학
camellia sinensis l  alleviates ova induced allergic asthma through nf  b and mmp   pathways,생물학
gender specific alteration of steroid metabolism and its impact on viral replication in a mouse model of hepatitis b virus infection,생물학
cxcl   promotes melanoma angiogenesis and tumor growth,생물학
low temperature pulverization specific sargassum horneri extract accelerates wound healing and attenuates inflammation in a mouse burn model,생물학
roles of prion proteins in mammalian development,생물학
emerging roles of cytoskeletal transport and scaffold systems in human viral propagation,생물학
ank mediated pyrophosphate regulates shear stress induced small extracellular vesicle production in  d cultured osteocytes,생물학
tortoise shell glue ameliorates male infertility through the hypothalamic pituitary gonadal axis in obese rats,생물학
role of carbohydrate response element binding protein in mediating dexamethasone induced glucose transporter   expression in caco  bbe cells and during the developmental phase in mice,생물학
effect of aerobic exercise and particulate matter exposure duration on the diversity of gut microbiota,생물학
identifying candidate genes associated with hippocampal dysfunction in a hemiparkinsonian rat model by transcriptomic profiling,생물학
inducing aortic aneurysm dissection in zebrafish  evaluating the efficacy of   aminopropionic nitrile as a model,생물학
ca    homeostasis and male fertility  a target for a new male contraceptive system,생물학
unraveling the structure  chemical composition  and conserved signaling in leech teeth,생물학
circadian coordination  understanding interplay between circadian clock and mitochondria,생물학
recent advances in anticancer mechanisms of molecular glue degraders  focus on rbm   dgrading synthetic sulfonamide such as indisulam  e      tasisulam  and chloroquinoxaline sulfonamide,생물학
comparative analysis of the transcriptomes from regenerated plants and root explants of endangered oplopanax elatus,생물학
kernel based hierarchical structural component models for pathway analysis on survival phenotype,생물학
clinical report and genetic analysis of a chinese family with retinitis pigmentosa    caused by a novel loss of function hk  variant,생물학
integrated analysis of single cell rna seq and bulk rna seq revealed key genes for bone metastasis and chemoresistance in prostate cancer,생물학
units containing telomeric repeats are prevalent in subtelomeric regions of a mesorhabditis isolate collected from the republic of korea,생물학
granzyme mrna mirna interaction and its implication to functional impact,생물학
notes of five wood decaying fungi from juwangsan national park in korea,생물학
cloning and expression analysis of bioluminescence genes in omphalotus guepiniiformis reveal stress dependent regulation of bioluminescence,생물학
novel sarcoscypha species from national parks in korea  sarcoscypha humida sp  nov ,생물학
a new species of ganoderma  ganodermataceae  polyporales  from southern china and optimum condition for mycelia production,생물학
re identification of aspergillus subgenus nidulantes strains and description of three unrecorded species from korea,생물학
fungal diversity in nam river and their biodegradative activities,생물학
emergence and potential spread of rust disease on wisteria floribunda and corydalis incisa influenced by climate change in korea,생물학
effects of black and white mulch on mycelial growth of tuber species in korean field environment,생물학
inoculants of arbuscular mycorrhizal fungi influence growth and biomass of terminalia arjuna under amendment and anamendment entisol,생물학
molecular identification of a new species of absidia  cunninghamellaceae  mucorales  isolated from soil in korea,생물학
taxonomic re evaluation of the genus fuscoporia in the republic of korea including three unrecorded species,생물학
phylogenetic and morphological analysis of a novel tolypocladium species isolated from soil in south korea,생물학
correction,생물학
comparative study of mechanical and biological pretreatment for releasing spores of black truffle tuber aestivum,생물학
comparative analysis of rhizosphere fungal communities in korean fir trees,생물학
strengthening the korean network of microbial culture collections in the microbiome era,생물학
enhancing eritadenine production in submerged cultures of shiitake   lentinula edodes berk  pegler  using blue led light and activated charcoal  revealing eritadenine s novel in vitro bioherbicidal activity against chrysanthemum morifolium,생물학
re identification of strains from aspergillus section aspergillus and description of three unrecorded species from korea,생물학
identification of pseudoperonospora cubensis rxlr effector genes via genome sequencing,생물학
circadian coordination  understanding interplay between circadian clock and mitochondria,생물학
dietary exposure of the water flea daphnia galeata to microcystin lr,생물학
transcriptional corepressor activity of ctbp  is regulated by isg   modification,생물학
factors affecting the cleavage efficiency of the crispr cas  system,생물학
sonic vibration ameliorates inflammatory diseases via the up regulation of il   ,생물학
ginkgo biloba extract ameliorates skin fibrosis in a bleomycin induced mouse model of systemic sclerosis,생물학
the impact of meis  tale homeodomain transcription factor knockdown on glioma stem cell growth,생물학
scoparone attenuates pd l  expression in human breast cancer cells by mkp   upregulation,생물학
hspa  and fgfr  genes in the mesenchymal subtype of glioblastoma can improve a treatment efficacy,생물학
mir    and mir     regulate trail induced drug tolerance in lung cancer,생물학
producing highly effective extracellular vesicles using ibar and talin f  domain fusion,생물학
effect of rnf   a deficiency on oxidative stress induced nrf  pathway,생물학
cell autonomous reduction of cyfip  changes dendrite length  dendritic protrusion morphology  and inhibitory synapse density in the hippocampal ca  pyramidal neurons of    month old mice,생물학
establishment of a stress granule reporter system for evaluating in vitro colon toxicity,생물학
ecm stiffness regulates calcium influx into mitochondria via tubulin and vdac  activity,생물학
licochalcone a attenuates nmda induced neurotoxicity,생물학
escrt iii  a versatile membrane remodeling machinery and its implications in cellular processes and diseases,생물학
nitrogen doped carbon quantum dot regulates cell proliferation and differentiation by endoplasmic reticulum stress,생물학
effects of maternal nonylphenol exposure on the proliferation of glial cells in the brain of male offspring mice,생물학
piperlongumine regulates genes involved in the skin barrier in epidermal keratinocyte hacat cells,생물학
ap         promotes the proliferation of esophageal squamous cell carcinoma cells by histone lactylation  and nf  b  p    dependent transcription activation and mettl  mediated mrna stability of c myc,생물학
integrative transcriptomic profiling uncovers immune and functional responses to bisphenol a across multiple tissues in male mice,생물학
reprogramming of tumor associated macrophages by metabolites generated from tumor microenvironment,생물학
improved understanding of the macrofungal diversity of mongolia  species richness  conservation status  and an annotated checklist,생물학
fungal microbiome of alive and dead korean fir in its native habitats,생물학
triangularia manubriata sp  nov   a novel fungal species belonging to the family podosporaceae isolated from soil in korea,생물학
miracula polaris   a new species of miracula from the east fjords of iceland,생물학
effects of environmental and nutritional conditions on mycelium growth of three basidiomycota,생물학
taxonomy  phylogeny  and host expansion of powdery mildew fungi parasitic to veronica species,생물학
antifungal activity of   hydrazinoquinoxaline    thiol  a novel quinoxaline derivative against candida species,생물학
the unknown within the known  nucleolus  understudied compartment in the filamentous fungi,생물학
pythium aphanidermatum as a novel oomycete pathogen causing leak on potato  solanum tuberosum  in korea,생물학
designing a novel primer set for gapdh gene to enhance taxonomic and phylogenetic studies of golovinomyces species,생물학
morphological and phylogenetic characterization of trichomerium koreanum sp  nov  and exophiala radicis belonging to chaetothyriales fungi in korea,생물학
degradation of high concentrations of anthracene using white rot wood inhabiting fungi and investigation of enzyme activities,생물학
a new edible wild mushroom species  panus sribuabanensis  panaceae  polyporales  from northern thailand and its nutritional composition  total phenolic content  and antioxidant activity,생물학
a story between s and s   het s  prion of the fungus podospora anserina,생물학
diversity and community structure of endophytic fungi isolated from the brown seaweed sargassum thunbergii in coastal regions of korea,생물학
genome wide identification and expression profiling of the wnt gene family in three abalone species,생물학
roles and action mechanisms of nrip  in pre eclampsia,생물학
association mapping analysis  ama  for morpho agronomic traits and leaf aromatic compounds using ssr markers in three types of perilla crop collected from south korea,생물학
genome wide analysis of the potato grf gene family and their expression profiles in response to hormone and ralstonia solanacearum infection,생물학
weighted gene co expression network analysis and identification of ginsenoside biosynthesis candidate genes for ginseng adventitious roots under meja treatment,생물학
gvaf  generalized  flexible filtering software for annotated variant files,생물학
taxonomic and distributional notes on four recently described stenaelurillus species from india  araneae  salticidae ,생물학
a new record of rondibilis amanoi  hayashi   coleoptera  cerambycidae  lamiinae  from korea with a key to korean rondibilis species,생물학
two genera  stenaesthetus sharp and octavius fauvel  coleoptera  staphylinidae  euaesthetinae   new to korea,생물학
molecular phylogeny and taxonomic review of the family pomacentridae from korea,생물학
are aquatic plants really endangered in tajikistan  core area of the mountains of central asia global biodiversity hotspot  ,생물학
a study on the intertidal animal diversity of xia sanheng island by using morphological and dna barcoding identification,생물학
  tocopherol and   tocopherol decrease inflammatory response and insulin resistance during the interaction of adipocytes and macrophages,생활과학
p coumaric acid modulates cholesterol efflux and lipid accumulation and inflammation in foam cells,생활과학
development and validation of a semi quantitative food frequency questionnaire as a tool for assessing dietary vitamin d intake among korean women,생활과학
evaluating the effectiveness of a food literacy pilot program for university students  using a mixed  methods research approach,생활과학
food preparation on a budget  an analysis of food consumption practices and the role of health consciousness,생활과학
asparagi radix alleviates testosterone induced benign prostatic hyperplasia by inhibiting    reductase activity and androgen receptor signaling pathway,생활과학
effects of quercetin nanoemulsion on sirt  activation and mitochondrial biogenesis in the skeletal muscle of high fat diet fed mice,생활과학
associations between weight control methods and depression among korean adolescents  a study based on a national dataset,생활과학
daily consumption of specific categories of fruit and vegetables negatively correlated with frailty  findings from the us national health and nutrition examination survey,생활과학
exploring the potential utility of a single item perceived diet quality measure,생활과학
association of the korean healthy eating index and sleep duration with prediabetes in middle aged adults,생활과학
analysis of hotspots and emerging trends in school foodservice research using citespace,생활과학
중소도시 주거환경정비사업의 효율적 추진을 위한 우선순위 도출,생활과학
사랑공간이 있는 충북 전통주택의 평면 구성 특성,생활과학
국내 고령친화 스마트홈의 사회 이슈 및 연구 동향 분석과 발전 전망,생활과학
거주후 평가 poe 를 통한 모듈러 주택의 인식 및 만족도 연구   용인 영덕 경기행복주택을 중심으로  ,생활과학
스마트팜과 연계한 청년 공유주거의 설계방안   인천광역시 제물포역 인근 주거지를 대상으로  ,생활과학
내가 만든 집   사용자 참여가 공동주택 주거 만족도에 미치는 영향 사례연구  ,생활과학
children s cloth face mask sizing and digital fit analysis  method development,생활과학
thermal effects of rayon and polyester hijabs in warm humid and hot dry environments,생활과학
cooling performance measurements of different types of cooling vests using thermal manikin,생활과학
fake human but real influencer  the interplay of authenticity and humanlikeness in virtual influencer communication ,생활과학
reduction of greenhouse gas emissions by optimizing the textile dyeing process using digital twin technology,생활과학
fabric perceptions in digital contexts  exploring the correlation between certainty and accuracy,생활과학
exploring direct and indirect cultural experiences  a study of global consumers  hanbok experience and engagement mediated via youtube,생활과학
investigating parameters affecting the real and virtual drapability of silk fabrics for traditional hanbok,생활과학
the neighborhood advantage  exploring the impact of negotiation costs on transaction satisfaction in local second hand trading platforms,생활과학
diffusion of fashion trend information  a study on fashion image mining from various sources,생활과학
fit models  roles in identifying fit issues in the apparel technical design process and implications for improving  d virtual fitting,생활과학
relationships between morphological factors and heat extraction from the upper arm using liquid cooling garment,생활과학
analysis of plantar pressure of midsole prepared by  d printed biomimetic structures with different densities,생활과학
analysis of fabric movement and dust removal performance due to twist motion in a clothing care system,생활과학
color fastness and antimicrobial activity of gardenia jasminoides extract against antimicrobial resistant staphylococcus aureus,생활과학
facile fabrication and characterization of mxene cellulose composites for electrical properties  electric heating performance,생활과학
development of a fabric classification system using drapability and tactile characteristics,생활과학
unsupervised generation of fashion editorials using deep generative model,생활과학
persona scenario  p s  toolkit enhancing inclusive fashion design education,생활과학
southeast asian consumer acceptance of  d virtual fitting technologies in cross border online shopping,생활과학
assembled or unassembled  different types of outfit coordination presentations in online fashion retailing,생활과학
patterns of co evolution  analyzing fashion brand and sewing contractor company dynamics,생활과학
sustainable threads  analyzing the impact of corporate social performance  csr message authenticity and information transparency on purchase intentions,생활과학
a soft wearable exoglove for rehabilitation assistance  a novel application of knitted shape memory alloy as a flexible actuator,생활과학
braille glove design toward interdisciplinary approach for visually impaired people  developing independent sensing design with mxene and embroidery,생활과학
date estimation of fabrication and repair of color garments encouragement banner,생활과학
opportunities and challenges of smart technology for small independent fashion retailers  a reflexive thematic analysis using the technology organization environment framework,생활과학
development and printing of three dimensional electrodes for the high body adhesion of smart wear,생활과학
ergonomic glove pattern drafting method for hand assistive devices  considering  d hand dimensions and finger mobility,생활과학
reinforcement structure design and matrix model establishment of tubular  d weaving based on ordinary loom,생활과학
application and evaluation knitted electrodes for body signal measurement using adhesive intermediate electrode,생활과학
effect of substrate fabric characteristics on the peel strength of  d printed composite fabrics,생활과학
청소년 우울 수준을 고려한 교육공간의 바이오필릭 디자인 적용 방안,생활과학
괴시마을 전통주택 평면 유형과 산업근대기 이후의 변화 특성,생활과학
공공임대주택 관리서비스 실태 및 구성 요인별 중요도 분석,생활과학
국내 소규모 노인지원주택 우수 사례의 공간 및 서비스 특성 분석,생활과학
ultraviolet resistance on weft knitted fabric coated by benzotriazoles,생활과학
intelligent techniques and optimization algorithms in textile colour management  a systematic review of applications and prediction accuracy,생활과학
improved flame retardancy and mechanical properties of bacterial cellulose fabrics via solvent exchange and entrapment of zein and gluten,생활과학
multilayer textile based concept for non invasive biosensor platform,생활과학
optimization of automatic classification for women s pants based on the swin transformer model,생활과학
wearable textile antennas  investigation on material variants  fabrication methods  design and application,생활과학
functional performance of a novel compression top for female throwing athletes,생활과학
enhanced content based fashion recommendation system through deep ensemble classifier with transfer learning,생활과학
multi pose dress simulation of fully fashioned knitted skirt based on loop structure,생활과학
morphing torso mannequin for pressure measurement and scoliotic brace efficacy evaluation,생활과학
다양한 조리 방법에 따른 수미감자의 항산화 및 항당뇨 활성 평가,생활과학
경기지역 일부 초등학교에서 샐러드 섭취가 높은 고학년생의 샐러드에 대한 인식  식습관  샐러드 채소 및 드레싱 기호도,생활과학
액티브시니어들이 선호하는 농촌 치유활동 분석   포커스그룹 인터뷰 fgi 를 중심으로,생활과학
청년창업 지원사업 사례지역 분석을 통한 지역연계 강화방안 연구   청년마을과 청년센터를 중심으로  ,생활과학
맞벌이 여부에 따른 식품 구매 및 외식 행태 분석            년 식품 소비 행태 조사 자료 이용,생활과학
광주지역 대학교 기숙사생의 성별 식품 기호도와 기숙사 식당의 시각적 요인의 만족도 조사,생활과학
부채부담 수준에 따른 가계유형별 특성 및 결정요인,생활과학
우리나라 노인의 가구형태와 식이보충제 복용여부에 따른 영양상태 평가  제 기 국민건강영양조사를 이용하여,생활과학
청년의 비만에 따른 건강 관련 습관  신체활동 및 식생활평가지수            국민건강영양조사 자료 분석 ,생활과학
키워드 네트워크 분석을 활용한 결혼가치관 관련 연구동향 분석,생활과학
영상매체에 표현된 샬럿 charlotte  여왕 복식의 표현효과   들롱 이론을 중심으로  ,생활과학
마테차박 추출물의 침지가 닭고기 소시지의 품질 및 항산화 활성에 미치는 영향,생활과학
어머니의 양육 불안과 부모 소진 간 관계   자기 자비의 매개효과와 사회적 지지의 조절된 매개효과,생활과학
관계인구 개념을 적용한 농촌 유형화 연구,생활과학
식생활 라이프스타일에 따른 대체소재 면류 식품 선호도 분석   단백질 강화 및 칼로리 저감 제품,생활과학
더블일레븐 쇼핑 페스티벌에 참여한 중국 mz 소비자의 쇼핑 동기가 감정적 혜택과 불만족에 미치는 영향,생활과학
청년 승계농의 직무스트레스가 건강 관련 삶의 질에 미치는 영향  보건 의료 만족도와 문화 여가 만족도의 이중매개효과를 중심으로,생활과학
빅데이터 분석을 활용한 저경력 영양교사에 대한 교직 적응 요인 연구,생활과학
태국인의 식품소비가치에 따른 가정간편식 소비행동,생활과학
비만인의 건강행태에 대한 연도별 변화 분석           년 지역사회건강조사 자료,생활과학
텍스트 마이닝 기법을 활용한 온라인 뉴스 기사의 중장년 주거 토픽 분석,생활과학
지속가능한 패션브랜드의 스토리텔링과 지속가능성에 대한 소비 가치가 소비자 신뢰와 구매의도에 미치는 영향,생활과학
사티어 이론에 기반한 중학교 가정과 의사소통 프로그램 개발,생활과학
주거복지 전문인력의 지역사회자원 연계 과정과 업무 중요도 인식,생활과학
패션제품 렌탈서비스 지각이 렌탈서비스 플랫폼 사용 의도에 미치는 영향  공유경제 플랫폼 사용 경험자를 중심으로,생활과학
가족센터 적용을 위한     개월 영아기 양육자 자녀관계검진 프로그램 개발 연구,생활과학
아버지의 완벽주의 유형에 따른 양육 스트레스와 양육 참여,생활과학
디지털 리터러시 함양을 위한 가정교과 수업과정안 개발       개정 가정과 교육과정 의생활 영역을 중심으로,생활과학
habermas의 세 행동체계 관점에서 본 캐나다 온타리오주 가정과 교육과정 성취기준 분석,생활과학
뮤지컬  록키 호러 쇼 에 나타난 캠프 스타일의 특성과 그레마스 기호학적 의미 분석,생활과학
교과 연계형 비교과 교육과정 co curriculum  설계 및 운영  디자인적 사고 기반 모듈형 메이커 교육 프로그램 중심으로 ,생활과학
고려시대 과문    의 조형성을 활용한 텍스타일 디자인 개발,생활과학
 d 프린팅 기법을 활용한 패션디자인의 조형 특성에 관한 연구,생활과학
웹    시대의 패션데이터 활용을 위한 연구  오픈패션 개념과 오픈패션 라이선스 제안,생활과학
메타버스 플랫폼 간 상호연동을 위한 가상의류의 디자인 요소와 설계 방식 비교 분석 연구,생활과학
상부 자세 교정을 위한 ems 흉추 보호대 개발,생활과학
nonlinear effects of a laser phase conjugate wave and synchronization transmission of a signal,물리학
wireless optical coherent communication uses beacon light wavefront correction with different wavelengths,물리학
theoretical investigation of an intrinsic fast optical fiber mz temperature sensor based on a distal pdms coated microguide,물리학
tunable modulation transfer spectroscopy for a type ii magneto optical trap of    rb atoms,물리학
analysis of in pixel scattering trench patterns for high sensitivity near infrared pixel,물리학
표면증강 라만 분광 기반 고감도 가스분석 연구 동향 및 전망,물리학
비대칭 배광 횡단보도 투광등 조명계의 눈부심 감소 및 균일도 향상을 위한 연구,물리학
particle counter using a gaussian line beam formed by decentered multiple lenses,물리학
single shot transport of intensity equation using a lateral displacement beam splitter module for biological samples,물리학
fabrication and evaluation of air spaced achromatic objective lens system for confocal laser endomicroscopy,물리학
infrared optical system for long range forward imaging on airborne platforms,물리학
color correction for digital holographic display to compensate for cie colorimetric matching failure,물리학
a fully electronic confocal microscope using a digital micromirror device and electrically tunable lens for  d measurement,물리학
binary optimization based multilayers and their practical applications,물리학
지능형 로봇을 위한 생체모사형 카메라 연구 최신 지견,물리학
광유전학을 이용한 신경 신호의 제어 및 신경 회로 분석,물리학
ai 학습을 위한 자동차 후방 카메라 오염도 분석 및 세척 기준 설정 연구,물리학
조선왕조실록에 보고된 채운     기록의 광학적 분석,물리학
비대칭 렌즈를 이용한 초소형 연성 내시경 조명 광학계 설계,물리학
gas purging free technique using log ratio detection in laser absorption spectroscopy,물리학
a tutorial on inverse design methods for metasurfaces,물리학
light control via higher order diffraction in one dimensional metagratings,물리학
switchable privacy mode for symmetrically viewed automotive displays  dependence on the optical parameters of the retarder,물리학
localized surface plasmon resonance of a cu nanodot array covered with a native oxidation layer,물리학
radiation enhancement of a terahertz backward wave oscillator with a two stage rectangular waveguide grating,물리학
correlation between the gain factor of a reflective polarizer and the optical structure of quantum dot based backlights for lcd applications,물리학
passive error correction with a qubit oscillator system in noisy environment,물리학
development of a radioactive waste measurement system using arrayed nai tl  detectors,물리학
the lidar denoising algorithm based on an improved correlation parameter of ensemble empirical mode decomposition,물리학
limiting factor for electron mobility in sputtered ga doped zno thin films,물리학
analysis of the correlation network in the us stock market during january     ,물리학
understanding the dynamics of feeding as a random walk on the feeding rate axis,물리학
study of power law activity distributions in a two dimensional model system,물리학
pulse program for improving learning accuracy and reducing programming energy consumption of ferroelectric synaptic transistor,물리학
experimental comparative study between simple and multi tube dbd ozone generator with same volume discharge for wastewater treatment,물리학
effect of temperature on the reaction products of silicon in fluorine based plasmas,물리학
effects of chamber wall contamination levels on plasma properties in long term c f  ar plasma deposition processes,물리학
high performance mote  snse  heterostructure photodiode for near infrared photodetection,물리학
methodology for evaluating turbo molecular pump pumping performance via pressure gauge correction and anomaly detection,물리학
doping induced spin polarization on the pristine si surface  a si              case,물리학
visualization of raman spectroscopy for stacking orders  distinguishing bernal and rhombohedral graphite,물리학
quantum discord in the early universe with non trivial sound speed,물리학
comparative analysis of single and triple material    nm tri gate finfet,물리학
dictionary learning based denoising algorithm with expected patch log likelihood in diffusion weighted magnetic resonance image,물리학
revisit to the fluid love numbers and the permanent tide of the earth,물리학
next generation dna enhanced electrochemical energy storage  recent advances and perspectives,물리학
interlinking the fe doping concentration  optoelectronic properties  and photocatalytic performance of zno nanostructures,물리학
composition dependence of the orbital torque in co fe    and ni fe    alloys  spin orbit correlation analysis,물리학
single unit metalens integrated micro light emitting diodes,물리학
optimization strategies for metallization in n type crystalline silicon topcon solar cells  pathways to elevated fill factor and enhanced efficiency,물리학
optical properties of popular dielectric substrate materials in a wide spectral range from far infrared to ultraviolet,물리학
evaluation of physicochemical properties of zinc oxide and indium tin oxide nanoparticles for photocatalysis and biomedical activities,물리학
substitutional effects of the anionic group systems  bo       po       and  so     on the down conversion photoluminescence properties of y o  er   nanophosphors,물리학
 과학탐구실험 교과서 개발에서 교과서 저자의      개정 교육과정 적용 관련 어려움,물리학
양자 컴퓨팅을 위한 이온 트랩 연구 동향과 전망,물리학
예비 물리교사들의 수업설계 프로젝트학습 e 포트폴리오에 나타난 반성적 사고 분석,물리학
광시야 광열반사 현미경을 활용한 종횡비가 서로 다른 개별 금 나노로드 이미징 분석,물리학
measurement of ethanol concentration in fluids using microwave near field imaging,물리학
fg   fe   전이선의 편광 분광학에서 조사광의 타원 편광에 대한 해석적 해,물리학
development of a non contact technique for detecting faults in wires using microwave near field imaging,물리학
analysis of fermi level pinning characteristics in erbium silicided metal semiconductor interface,물리학
improved electrical conductivity of graphene film using thermal expansion assisted hot pressing method,물리학
a study on the effect of correlated data on predictive capabilities,물리학
study on the accuracy of indium tin oxide  ito  nanoparticle sensor based on solvent detection characteristics in water,물리학
a customized template matching classification system,물리학
characterization of cs    fa    pbi  perovskite solar cells based on n methyl   pyrrolidone and dimethyl sulfoxide,물리학
covalent bond functionalization based graphene field effect transistor as bioelectronics for h n  diagnosis,물리학
machine learning based integrated database system for plasma enhanced chemical vapor deposition fault diagnosis,물리학
optical and electrical performance of a mid wavelength infrared interband cascade photodetector,물리학
effect of lattice relaxation on electronic spectra of helically twisted trilayer graphene  large scale atomistic simulation approach,물리학
a simulation for surface acoustic waves driven electron transport in perspective of electrical potential,물리학
utility of a patient specific aperture collimator and multi leaf collimator in line scanning proton therapy,물리학
synthesis and characterization of fe doped zno films for enhanced no  gas sensing applications,물리학
advanced hvpe sublimation sandwich method for si layer formation on sic substrates,물리학
resistivity characteristics near the metal insulator transition in the half filled anderson hubbard model,물리학
characterization of sers fluorescence bimodal nanocomposites from au decorated catio  eu  ,물리학
microscopic property of li impurity in biphasic calcium phosphate,물리학
components and defect density optimization of faxma  xpbi  based on simulation for high performance perovskite solar cells,물리학
web based applications for automated generation of functionalized graphene and carbon nanotube for molecular dynamics simulations and automated three dimensional analysis of ion flow through nanopores,물리학
linearizing afm raster scans acquired using dual stage lateral scanners,물리학
hydrothermally synthesized ag te on metallic  d templates,물리학
enhancing the thermal stability of active contacts in algan gan high electron mobility transistors with chemical vapor deposited carbon  c  films,물리학
extraordinary optical characteristics in a one dimensional parity time symmetric structure of quasiperiodic two material octonacci optical waveguide network,물리학
numerical analysis of the influence of sidewall defects on algan based deep ultraviolet micro light emitting diodes,물리학
recrystallization reduces surface oxygen vacancies to unlock hole transfer channel for hematite photoelectrochemistry,물리학
morphology tuned dielectric  electrical  impedance  relaxation metrics of co mg doped strontium ferrite  and their computational modeling,물리학
첨단정보기술과 원자력기술 맥락에서 대학생의 위험인식  책임감  행동의지 간 관계 분석,물리학
액체섬광검출용액 및 광전 증배관에 대한 신호 패턴 인식과 예지 보전 연구,물리학
     개정 과학교육과정 물리 영역 성취기준에 나타난 과학적 소양 분석,물리학
휘어진  시 공간의 국소 편평좌표계를 수치계산으로 그리기,물리학
광용적맥파계를 이용하여 측정한 소아청소년에 대한 공간말초혈류속도 특성 연구,물리학
design of an asymmetric custom surface imaging optical system for two dimensional temperature field measurement,물리학
photorealistic ray traced visualization process of an aspherical fresnel mirror with low distortion,물리학
적응광학에서의 대기 외란 모사  이론에서 실제 적용까지,물리학
다양한 온도의 지표 배경에서 적외선 위장을 위한 최적의 스텔스 물질 방사율 탐구,물리학
uv led 광원을 이용한 공간 살균을 위한 자외선 조사량 밀도의 광학적 연구,물리학
yb    도핑된 칼륨 이중 텅스테이트 결정을 이용한 소형 공진기에서의 솔리톤 모드 잠금 레이저 구현 및 수치 해석,물리학
cell death inhibition effect of antioxidant activity by     and     nm leds in raw      cells,물리학
a study on intrusion detection using deep learning based weight measurement with multimode fiber speckle patterns,물리학
multimode fiber speckle image reconstruction based on multiscale convolution and a multidimensional attention mechanism,물리학
quantum transition process in electron piezoelectric phonon resonating system with a moderately weak coupling approximation,화학
metabolomic analysis of daphnia magna exposed to fluoxetine using hr mas nmr,화학
h d exchange of pyrrolic nh protons prompted by fluoride in aprotic dmso d ,화학
backbone nmr assignments of recombinant glucagon at ph    ,화학
부산지역 도시공원 내 토양 중금속 오염도 평가 적용방법 연구,화학
시화국가산업단지 배출수 중 과불화화합물의 공공수역 유출 특성,화학
lc ms ms를 이용한 수질 시료에서의   종 미규제 미량오염물질동시 분석 가능성 및 실제 시료 적용성 평가,화학
비점오염물질측정망 수질 측정 항목 및 강우사상 특성 인자간 상관관계 평가,화학
환경시험   검사기관의 정도관리 현장평가 미흡사항 분석 i   대기  수질  먹는물 분야를 중심으로  ,화학
국내 유통 중인 pet 먹는샘물의 냉   해동 전후의 무기물질 농도의변화와 침전물의 추적,화학
비점오염물질측정망의 탁도 예측을 위한 수질 인자를 이용한 최적 머신러닝 알고리즘 선정,화학
structural characterization of the c terminal tail of ebv lmp a,화학
intrinsically disordered protein  part i ,화학
경안천의 미세플라스틱 특성 조사,화학
활성탄 표면에서 과불화화합물 동족체 pfas congeners 의분자구조가 흡착 제거효율에 미치는 영향,화학
서울 지역의 자외선 조사량에 따른 pet 먹는샘물 용기의 용출 특성 연구  보관 조건 중심으로,화학
x 선 형광분석기를 이용한 덕용 규암의 주원소 분석 및 표준물질 활용 검토,화학
environmental catalytic materials for the efficient removal of vocs,화학
mechanistic studies of the solvolyses of    acetylamino    naphthalenesulfonyl chloride,화학
예비화학교사들이 제작한 정적 모델의 특성 분석,화학
특수교육대상자를 위한 과학 행사에 참여한 예비교사의 장애학생 과학 교수학습 자기효능감 변화,화학
photophysical properties of     dimethyl      dihydroacridine functionalized salen indium complexes  effects of structural rigidity and number of donor substituents,화학
signal shape analysis in single entity electrochemistry  understanding electrochemical reaction dynamics,화학
regulation of classical zinc fingers for neuronal signaling in the central nervous system,화학
enhanced electrocatalytic activity by nanoconfinement effects at nanoporous indium tin oxide electrodes,화학
unraveling the role of counter ions in shaping the structures of helical peptides in aqueous phase,화학
photostability considerations in preclinical studies  mini review,화학
one pot synthesis of spirooxindoles bearing   methylene   butyrolactone moiety from morita baylis hillman carbonates of isatins and paraformaldehyde,화학
가온 초음파 용출 및 액체크로마토그래프를 활용한 연질 캡슐 건강기능식품 중 엽산 분석법 개발,화학
exploring the relative degree of crystalline and amorphous properties of cellulose nanofibrils studied by correlated graphene quenching raman spectroscopy with electrostatic force microscopy technique,화학
visible light induced reactions of quinones,화학
fog collection using hydrophobic and hydrophilic treatments on wrinkle based multilayered surfaces,화학
feasibility of low power low resolution laser induced breakdown spectroscopy for quantification of mg in fermented soybean pastes,화학
리튬전고체전지 재활용  문제 해결을 위한 최신 기술,화학
전기화학 분야에서 활용되는 오페란도 측정법의 연구동향,화학
단원자 촉매 합성에서의 탄소지지체 구조 특성변화에 따른 산소환원반응 성능 연구,화학
리튬 이온 배터리 음극의 고율속 성능 향상  mose  나노 시트 코팅된 흑연 복합체의 최적 합성 조건에 대한 연구,화학
titanate 페로브스카이트 형상에 따른 산소발생반응 영향에 대한 연구,화학
수전해 산소발생반응을 위한 전기촉매로서 ir au 나노클러스터의 최적화,화학
stromal cells and epigenetics  emerging key players of chronic inflammatory skin diseases,화학
fluorescence based techniques for investigating estrogen receptor dynamics,화학
characterization of an orthotopic mouse transplant model reveals early changes in the tumor microenvironment of lung cancer,화학
표면 개질된 인듐 주석 산화물 전극 기반 전기화학 센서의 연구 동향,화학
차세대 리튬이온전지를 위한 리튬인산철 연구개발동향  전고체 전해질을 중심으로,화학
p 아미노페놀 전기촉매 반응을 위한 인듐 주석 산화물과 덴드리머에 고정된 페로센의 전기접목,화학
specialized pro resolving mediator  s mar  inhibits il   expression via modulating ros p   erk nf  b pathways in pm   exposed keratinocytes,화학
antisense mediated splicing correction as a therapeutic approach for p   k   r mutation,화학
differential roles of n  and c terminal lir motifs in the catalytic activity and membrane targeting of ravz and atg b proteins,화학
enhanced signal to noise ratio of single entity electrochemistry signal of platinum nanoparticles using passive silver ultramicroelectrode,화학
biomimetic synthesis of fluvirosaone a,화학
stretchable conducting polymer pedot pss treated with hard cation soft anion ionic liquid designed from molecular modeling,화학
enhanced signal to noise ratio of single entity electrochemistry signal of platinum nanoparticles using passive silver ultramicroelectrode,화학
broadband plasmonic response of silver nanomaze based nanogap enhanced absorber,화학
comparison of oxygen evolution reaction performance for ni and co using isostructural trans cinnamate complexes,화학
study of functional lipid nanoparticles for mrna delivery using new ionizable tocopherol derivatives,화학
multifaceted roles of trained immunity in diverse pathological contexts,화학
increased er stress by depletion of pdia  impairs primary ciliogenesis and enhances sensitivity to ferroptosis in kidney cells,화학
inhibition of p rx  contributes to cytotoxicity by suppression of glycolysis and akt activation in human hepatocellular carcinoma,화학
rice chd  mi   chromatin remodeling factor rfs regulates vascular development and root formation by modulating the transcription of auxin related genes nal  and ospin ,화학
the heterotrimeric kinesin   family member kif a directly binds to disabled    dab  ,화학
interfacial challenges and recent advances of solid state lithium metal batteries,화학
synthesis and computational studies for halide free  neutral  and bifunctional one component ferrocene based catalysts for the coupling of carbon dioxide and epoxides,화학
epr spectroscopy  a versatile tool for exploring transition metal complexes in organometallic and bioinorganic chemistry,화학
development and validation of a portable gas chromatograph method for quantitative determination of oxygen and toxic gas impurities in medical oxygen using planar microchromatographic columns and detectors,화학
enantiodiscrimination and molecular docking study of chiral amines as   hydroxynaphthaldimine derivatives using amylose derived chiral selectors,화학
analysis of yttrium and scandium content in industrial phosphoric acid using wavelength dispersive x ray fluorescence spectrometry  wdxrf ,화학
초등 예비교사가 과학 탐구 관련 강좌에서 만든 인포그래픽의 특성 분석,화학
화학교사들의 메타모델링 인식 변화를 위한  e 순환학습 모형 기반 교육프로그램의 효과,화학
중학교 과학교사의 발문 유형에 따른 발문 계획 및 활용 실태 조사,화학
자기적 분리 및 재사용이 가능한 cnt cuo ni oh   광촉매를 이용한 가시광선 조사하의 유기 염료 분해 연구,화학
사범대학교 과학계열 신입생들의 과학 탐구 역량 조사   일반화학 실험,화학
adhesive free template stripping of gold thin films for metallic ultraflat surface,화학
moisture resistant nitroaromatic explosive gas sensor based on hydrophilic pentiptycene polymer,화학
photochemical coupling reaction of phenacyl benzoate with acetone to form     dicarbonyl compound enabled by charge transfer,화학
cost effective synthesis of unsymmetric tetrazines,화학
method for simultaneous analysis of bisphenols and phthalates in corn oil via liquid chromatography tandem mass spectrometry,화학
establishing and validating an hplc protocol for pralsetinib impurities analysis  coupled with hplc ms ms identification of stress degradation products,화학
simultaneous extraction of organic and inorganic compounds using molecularly ion imprinted polymer,화학
안산 도심지 pm    pm    및 pm    비율 분포 특성,화학
synthesis of substituted urea or benzimidazolone using      carbonyldiimidazole and substituted anilines,화학
discrimination of turkish propolis from different geographical origins by nmr spectroscopy,화학
three new okadaic acid derivatives isolated from a benthic dinoflagellate prorocetrum lima,화학
n and o glycosylation studies with ion mobility mass spectrometry  im ms    an overview,화학
identification of anthocyanin  flavonoids  triterpenoids and phosphatidylcholines from rhododendron arboreum by using lc esi ms ms analysis,화학
gc ms analysis of endophytic bacteria isolate acalypha indica l  compounds as antibacterial,화학
경기북부 개별사업장 및 공공하   폐수처리장의 노닐페놀  옥틸페놀 거동특성 연구,화학
경기도 내 주요 저수지의 수질 및 남조류 독소 발생 특성,화학
matricellular proteins in immunometabolism and tissue homeostasis,화학
development of a highly effective recombinant protein from human collagen type iii alpha    col a   to enhance human skin cell functionality,화학
lc ms ms 기반의 총 마이크로시스틴 신규 수질 분석법 mmpb 분석방법 성능 개선과 시료 적용성 평가,화학
validation of the analytical procedure for quantitative determination of four trace metals  as  cd  pb  and hg  in fish lipids using inductively coupled plasma mass spectrometry  icp ms ,화학
신축공동주택의 실내공기질 실태분석,화학
effect of salt on membrane protein caveolin  proved with nmr spectroscopy,화학
산업폐수 중 과불화화합물 분석결과의 불확도 평가,화학
nuclear structures and their emerging roles in cell differentiation and development,화학
metabolic reprogramming of the tumor microenvironment to enhance immunotherapy,화학
glucose dependent insulinotropic polypeptide  gip  alleviates ferroptosis in aging induced brain damage through the epac rap  signaling pathway,화학
synthesis of sildenafil and its derivatives bearing pyrazolo pyrimidinones scaffold,화학
removal of acid orange   dye using makgeolli lees with ultrasonic assistance,화학
novel low band gap non fullerene acceptors based on idic core as potential photovoltaic materials,화학
results for coupled fixed points in partial metric spaces under a contractive type condition,수학
boundary control for heat equation under conjugation conditions,수학
generalizations of suzuki type common fixed point theorems,수학
innovative stochastic finite difference methods in mean field games  a wiener process approach,수학
applications of new integral transform operator in quantum calculus,수학
approximation of solutions of the robin dirichlet problems for damped wave equations,수학
on fixed point theorems in mr metric spaces,수학
a study of fixed points for family of mappings,수학
solving system of split common fixed point and monotone variational inclusion problems via dynamical step size in banach spaces,수학
linearization of laplacian of a hyperholomorphic function of eight real variables,수학
remarks on the properties of wasserstein medians on symmetric cones,수학
halpern regularization for solving quasi equilibrium problems and zero point problem in hadamard spaces,수학
strong b metric spaces and fixed point theorems,수학
existence of min maximal solutions to m point boundary value problems of singular impulsive differential equations,수학
some new topological structures in lattice random normed spaces,수학
on the error of the two sides comonotonic approximation,수학
convergence theorems for sequentially admissible perturbations of asymptotically demicontractive and hemicontractive mappings in cat    spaces,수학
statistically   omega  fr chet and statistically   omega  sequential spaces  statistical convergences of   omega  nets,수학
 w    curvature tensor in the space time of general relativity,수학
the zeta determinants of laplacians on the m bius band and klein bottle,수학
on a certain generalization of polygroups by  e  polygroups,수학
several newton cotes type inequalities for functions whose derivatives belong to  l  p   spaces with  p in  left     infty  right  ,수학
invariant pseudoparallel submanifolds of an almost   alpha  cosymplectic    kappa  mu  nu   space,수학
uniqueness of entire function sharing two values jointly with its differential polynomials,수학
geometry of some submanifolds in a     dimensional walker manifold,수학
investigating the dual quaternion extension of the   mathcal dgc   leonardo sequence,수학
on m iterative scheme for mappings with enriched  c  condition in banach spaces,수학
perfect powers as difference of perrin numbers and padovan numbers,수학
  oplus  essential supplemented modules,수학
the split  d c  number of a graph and its implications,수학
on the extreme sizes of graphs with a given partial order competition dimension,수학
eight dimensional nonalternative algebras,수학
on extending dc structures,수학
tits pentagons and the root system      mathbfit g   mathbfit h    mathbf   ,수학
the convergence rate for schr   o dinger operators with complex time,수학
a study on holomorphic isometries of weighted bergman metrics,수학
zeros of the degenerate bernoulli fibonacci polynomials,수학
a note on regular graphs applied to public key cryptosystems with perfect dominating set,수학
asymptotically lacunary statistical equivalent sequences in a quaternion valued generalized metric spaces,수학
symmetry for fully modified   p q   poly bernoulli polynomials of the first type,수학
an efficient advanced time series model methodology for prediction of paddy production in tamil nadu  india,수학
improving regression analysis with box cox transformation in a bayesian framework,수학
l fuzzy     absorbing ideals in an adl,수학
investigating weak solutions for a singular and degenerate semilinear parabolic equation with a nonlinear integral condition,수학
results of conformable fractional weighted neutral integro differential equations,수학
kf and h infinity filter design for ipmsm with d o b,수학
on the optimal control policy of a fractional order biological model,수학
on the multiset representable graphs,수학
generalized stability of a general cubic functional equation,수학
numerical geometry of a bezier surface,수학
a notion of equivalence for sturm liouville operators,수학
on the multiplicity of non constant positive solutions to certain semi linear elliptic equations,수학
homotopy groups and cohomotopy groups on c n,수학
timelike general rotational surfaces in minkowski   space with density,수학
decorated sheaves and morphisms in tilted hearts,수학
representation numbers by quadratic forms of certain levels,수학
on  n  strongly   mathcal e   gorenstein injective and flat modules,수학
results on uniqueness of   mathscr l   function concerning differential polynomials,수학
pseudo almost automorphic solutions of infinite class in the   alpha  norm under the light of measure theory,수학
a comprehensive generalization of classical fibonacci sequences  binet formula and identities,수학
pair mean cordial labeling of certain ladder graphs,수학
a study the sine tangent fibonacci   polynomials and cosine tangent fibonacci polynomials,수학
sum of picture fuzzy ideals of   gamma  near rings,수학
  alpha  f convex contraction mappings in  lowercase b  metric spaces and uniqueness in fixed point theorems,수학
enhancing machine learning model efficiency through modified lda feature reduction for disease diagnosis,수학
from theory to practice  the application of wavelet transform in real time engineering processes,수학
new subclasses of bi univalent functions with respect to the  q  symmetric points defined by bernoulli polynomials,수학
cangul stress index for graphs,수학
boundedness of some sublinear operators on mixed herz spaces,수학
square elements in galois rings and mds self dual codes,수학
the h infinity estimator design for ipmsm with disturbance observer,수학
applying the puarl mathematical model  psychological insights for restricting gaming and internet addiction,수학
left and right coresiduated lattices,수학
innovation fixed point of comparison and weakly contractive function,수학
generalized continued fraction algorithm for the index   sublattice,수학
generalized ricci solitons on    dimensional contact metric manifolds,수학
stability on positive almost periodic high order hopfield neural networks,수학
padovan and lucas padovan quaternions,수학
riemann stieltjes integrals and their representing measures,수학
a generalization of conducive domains,수학
integers not of the form    n p   alpha  q   beta  ,수학
partitions weighted by the number of two types of parts,수학
the proportion of monogenic orders of prime power indices of a pure cubic field,수학
infinitely many solutions for a fractional  p  kirchhoff type equation on the heisenberg group,수학
on the characteristic jacobi operator of the unit tangent sphere bundles over surfaces,수학
proper classes generated by isosimple modules,수학
idempotents in   pi  regular rings  right ai rings  ni rings and generalized regular rings,수학
cyclic and constacyclic codes over   mathbb z      w mathbb z      ,수학
screen isotropic leaves and simons  formula for null hypersurfaces,수학
some double series for   pi  and their  q  analogues,수학
on powers of some classes of monomial ideals,수학
on convergence rate in the weak law of large numbers for fgm random sequences,수학
finite sum of weighted differentiation composition operators from the fractional cauchy spaces to the zygmund type space,수학
rational homology balls in milnor fibers of cyclic quotient surface singularities,수학
some classes of composition operators on orlicz spaces,수학
regularity properties of higher order maximal commutators with lipschitz symbols,수학
associated primes and nilpotent associated primes of skew inverse laurent series rings,수학
on the unresolved conjecture for the algebraic transfers over the binary field,수학
complex symmetry of toeplitz operators and composition operators,수학
 l p  boundedness of the cauchy leray fantappi  e integral on certain class of weakly pseudoconvex domains in   mathbb c    ,수학
microstructure of the silk fibroin based hydrogel scaffolds derived from the orb web spider trichonephila clavata,자연과학일반
noise reduction of electron holography observations for a thin foiled nd fe b specimen using the wavelet hidden markov model,자연과학일반
production of multilayer graphene using molten sn ni alloy as catalyst in a bubble column,자연과학일반
effect of asphaltene content in petroleum residues on carbon layer properties and the electrochemical performance of siox as an anode in lithium ion batteries,자연과학일반
determination of the antibacterial activity of various metal doped carbon quantum dots,자연과학일반
koh etching catalyzed microwave pyrolysis of waste tires to prepare porous graphene,자연과학일반
preparation of silicon carbide supported nickel catalyst with enhanced catalytic activity for ammonia decomposition,자연과학일반
revolutionizing the sensing properties of green carbon dots for monitoring carbon dioxide and carbon monoxide at room temperature,자연과학일반
graphitic carbon nitride film deposited with nitrogen doped carbon nanoparticles as electrode for high performance supercapacitors,자연과학일반
effect of nh  addition on the preparation of nitrogen doped carbon nanomaterials by flame synthesis method,자연과학일반
influence of microcrystalline structure on compressive failure of carbon fiber,자연과학일반
investigating structural disparities in carbon nanoribbons and nanobelts through spectroscopies,자연과학일반
plasma engineered fese  encapsulated carbon composites with enhanced kinetics for high performance lithium and sodium ion batteries,자연과학일반
electrochemical and physical adsorption properties of activated carbon with ultrahigh specific surface area using     dimethyl quinacridone      dmqa ,자연과학일반
clearing techniques for deeper imaging of plants and plant microbe interactions,자연과학일반
a simple and rapid preparation of smooth muscle myosin   for the electron microscopic analysis,자연과학일반
changes of synaptic vesicles in three dimensional synapse models by treatment with umbelliferone in scopolamine induced hippocampal injury model,자연과학일반
n   p co doped hierarchically porous carbon fiber derived from bamboo pulp as efficient carbocatalyst for reduction of   nitrophenol,자연과학일반
optimization of the tio  content and location in core shell tubular carbon nanofibers to improve the photocatalytic activity under visible light irradiation,자연과학일반
carbon nanomaterials  a promising avenue in colorectal cancer treatment,자연과학일반
research progress of carbon nanotubes as anode materials for lithium ion batteries  a mini review,자연과학일반
a study on molecular weight controlled conducting polymer based binder for high performance lithium ion battery anodes,자연과학일반
graphdiyne coordinated como mof formed s scheme heterojunction boosting photocatalytic hydrogen production,자연과학일반
ester based electrolytes for graphite solid electrolyte interface layer stabilization and low temperature performance in lithium ion batteries,자연과학일반
effect of cu   hydrazine complex formation on hybrid decontamination reactions for magnetite  nickel ferrite  and chromite,자연과학일반
preparation of whisker carbon nanotube composite paper by vacuum filtration method and its electrical heating performance,자연과학일반
advanced modeling of conductivity in graphene polymer nanocomposites  insights into interface and tunneling characteristics,자연과학일반
chemical dissolution of oxide layer on carbon steel sa     gr b based oxalic acid,자연과학일반
electrochemical surface modification of carbon  a highly active metal free electrocatalyst for hydrogen evolution reaction,자연과학일반
the effect of heteroatoms and temperature ramping rate on pyrolysis of coal tar pitch for high value of   resin,자연과학일반
effects of macrostructure of carbon support in preparation of c six c anode materials for lithium ion batteries via silane decomposition,자연과학일반
effects of supercritical co  treatment on the pore structure and h  adsorptivity of single walled carbon nanohorns,자연과학일반
au loaded alkali metal modified crystalline carbon nitride for photocatalytic nitrogen fixation,자연과학일반
simultaneous electrochemical detection of ascorbic acid  dopamine and uric acid using au decorated carbon nanofibers modified screen printed electrode,자연과학일반
a bifunctional nanocomposite of hybrid quaternary nanocomposite as electrodes for an integrated pt free dssc powered supercapacitor photosupercapacitor,자연과학일반
coal derived fluorescent carbon quantum dots for sensitive and selective detection of cu   and fe  ,자연과학일반
modulating the thermophysical properties of diamond sic composites via controlling the diamond graphitization,자연과학일반
process study of ceramic membrane treatment for water treatment residuals from lake and reservoir water purification plants in severe cold regions,자연과학일반
deposition of polyaniline nanofibers on activated carbon textile for high performance pseudocapacitors,자연과학일반
erratum   a study on the development of c dots via green chemistry  a state of the art review,자연과학일반
erratum   revealing the effect of graphite source on the properties of synthesized graphene oxide,자연과학일반
국립중앙박물관 금동여래입상 구     의 제작기술,자연과학일반
박물관 자료 관리 활용을 위한 디지털 아카이브 데이터 구조 개선방안 연구,자연과학일반
다중분광이미징 기술을 활용한 전통 고지도의 비가시 상태 진단 및 글자 판독  동국팔도지도,자연과학일반
오브제와 결합된 비디오 조각 뉴미디어 작품의 재질 분석 및 보존처리   백남준 하이웨이 해커,자연과학일반
조선 후기 불랑기     의 구조와 제작기법,자연과학일반
대구 달성 문산리 고분군 출토 행엽의 제작기법 연구,자연과학일반
예산 대련사 괘불궤의 재질 분석 및 보존처리,자연과학일반
박물관의 전시 조명 기준 설정 연구   분광분포 스펙트럼을 중심으로,자연과학일반
친수성 곁가지를 함유한 콘텍트렌즈의 제조와 물리적 특성 연구,자연과학일반
친수성 곁가지를 함유한 콘텍트렌즈의 제조와 물리적 특성 연구,자연과학일반
맨몸 스쿼트 시 운동 속도에 따라 cop와 근전도에 미치는 영향,자연과학일반
수중운동이 경도인지장애 여성노인의 베타 아밀로이드 및인지기능에 미치는 영향,자연과학일반
피부 건강 개선을 위한 기능성 화장품 소재로서 derma genie  dlp   의 생리 활성 평가,자연과학일반
다알리아 dahlia pinnata cav   꽃차의 침출 조건 및 제다 방법에 따른 항산화 활성 및 생리활성 물질 함유량 비교,자연과학일반
장년기 여성의 웰다잉프로그램이 자아통합감  웰다잉 인식 및 태도  주관적 안녕감에 미치는 효과,자연과학일반
직장인의 의복구매 의사결정이 자기효능감과 조직몰입에미치는 영향,자연과학일반
골프 커뮤니티 시설의 서비스스케이프가 긍정적 감정반응과이용 만족에 미치는 영향,자연과학일반
파일럿 플랜트 반응기에서 생산된 페플라스틱 열분해유의활용을 위한 분획별 특성분석 연구,자연과학일반
내장 지방조직의 혈관신생 조절에 대한 hesperidin과 quercetin의 영향,자연과학일반
크로스핏 crossfit  참가자의 참여기간에 따른 부상 관련 연구 동향분석,자연과학일반
산화그래핀을 이용한 crude oil water 에멀젼의 상분리에 대한 연구,자연과학일반
당근씨 오일이 손상모발에 미치는 영향,자연과학일반
텍스트 결속과 강조 현상을 통한 화장품 광고의 감성 소구 유형 분석,자연과학일반
골프 참여자의 과시적 여가소비와 스트레스 해소  자아존중감 및 심리적 웰빙의 구조적 관계,자연과학일반
천연추출 복합물을 함유한 세정용 화장품의 임상적 소취효능,자연과학일반
골프 앱 어포던스 특성이 이용자 몰입감과 e지속사용의도에 미치는 영향  중국 소비자 대상으로 ,자연과학일반
mediating effect of career adaptability between growth mindset and career preparation behavior in nursing students,자연과학일반
경주시 왕신천 및 칠평천의 관속식물상,자연과학일반
음식물류폐기물 혼합 가축분 펠렛 퇴비가토양 화학성 및 배추 brassica rapa l   수량에 미치는 영향,자연과학일반
효율적인 치유농장 운영의 성공 요인 분석  경상남도를 중심으로,자연과학일반
가리왕산 천연활엽수림 주요 수종의 탄소저장량 비교,자연과학일반
산림치유지도사 양성현황과 교육과정 개선에 관한 연구,자연과학일반
수량화이론을 통한 신죽의 밀도 및 재적생장에 영향을 미치는 환경인자,자연과학일반
쌀소득보전직불제가 농가소득 변동성에 미친 영향,자연과학일반
the complete mitochondrial genome of matsucoccus thunbergianae  hemiptera  margarodidae ,자연과학일반
iucn s application of cluster analysis to usage classification areas in korean protected areas  based on gangwon province,자연과학일반
a meta analysis of horticultural therapy programs for older adults with dementia,자연과학일반
possibility of integrated planning for parks  greenbelts and street space in south korea,자연과학일반
does regular nature exposure benefit environmentally engaged students  effects of botanical garden walks on psychological and behavioral outcomes,자연과학일반
a study on health diagnosis of zelkova serrata  thunb   makino using hyperspectral technique,자연과학일반
an analysis of psychophysiological responses in the prefrontal cortex depending on the use of universal tools and traditional methods during agricultural activities by individuals with physical disabilities using mobility aids,자연과학일반
enhancing exercise outcomes through cognitive stimulation  a review,자연과학일반
effects of processed red clay and microbial fertilizer containing lactobacillus fermentum on cucumber  cucumis sativus l   growth and soil properties,자연과학일반
군위군 지역에 재배가 적합한 국내육성 사과품종의 선발,자연과학일반
서어나무  갈참나무  졸참나무  스트로브잣나무 조림지의낙엽 낙지에 의한 탄소 유입량,자연과학일반
a new simple method for photometric determination of h o ,자연과학일반
quantitative analysis of caffeoylquinic acid derivatives in methanolic extract of ainsliaea acerifolia leaves using hplc dad,자연과학일반
괭생이 모자반 바이오차를 활용한 수용액 내 중금속 흡착 효과,자연과학일반
도장처리에 따른 국내산 침엽수 및 활엽수의 치수안정성,자연과학일반
multi stakeholder governance toward mitigating marine plastic waste in hoi an coastal city  vietnam,자연과학일반
development of an optimized accident prediction model for construction safety using big data analysis,자연과학일반
an analysis of visitor behaviors and satisfaction in urban forests  focused on major forests in incheon,자연과학일반
predicting changes in potential habitats of an endemic plant species under ssp scenarios  a case study of eranthis byunsanensis,자연과학일반
the complex nature of ecotourist experience and its relationship with pro environmental behavior in a national park,자연과학일반
근적외선 차단렌즈의 광학적 성능과 개발 방향에 관한 고찰,자연과학일반
일개 대학 안경광학과 학생의 지각된 스트레스와 주관적 건강상태  안구건조 및 구강건조 증상의 관련성,자연과학일반
입체시 검사의 신뢰도와 호환성,자연과학일반
소아 청소년 근시 진행 관리를 위한 dims 및 halt 렌즈의 효능에 관한 연구,자연과학일반
hmd head mount display 를 이용한 가상현실 기반의 사위검사법 개발,자연과학일반
    disubstituted pyrrolo     b pyridine analogs as sgk  inhibitors,통계학
pt m  c m la  sc  y  gd  electrocatalysts for oxygen reduction reaction,통계학
impact of mental health factors on quality of life during bereavement among families of the deceased  an analysis based on the           korea health panel survey data,통계학
asymptotic estimates for fractional diffusion equation with caputo fabrizio derivative,통계학
a comparison of testing methods in non inferiority clinical trials,통계학
local quantile ensemble for machine learning methods,통계학
charlier series approximation for nonhomogenious poisson processes,통계학
comparative study between fisher rao framework and dynamic time warping,통계학
feature extraction from electrocardiogram data based on mathematical modeling,통계학
adaptive least squares approximation for noisy mr image interpolation,통계학
estimation of length biased exponential distribution based on progressive hybrid censoring,통계학
comparison of the performance of various kernels for the survival prediction model,통계학
optimal stock investment strategy using prediction models,통계학
분위 회귀모형을 이용한 전문대 졸업자의 일자리 만족도 분석,통계학
의미적 이미지 분할에 대한 인공신경망 모형 비교 연구,통계학
온라인 의류 쇼핑몰에서의 리뷰 유용성 예측,통계학
영과잉 의료이용 자료에 대한 기계학습 방법 비교,통계학
sequence to text 기법을 활용한 언어 모형의 소개 및 분류 성능 비교,통계학
기후변화에 따른 생태계 교란 식물 가시상추와 미국쑥부쟁이 잠재 분포 예측,통계학
har garch x 모형을 활용한 비트코인 변동성 분석,통계학
sparse additive matrix autoregressive model,통계학
an investigation on sparse partial least squares algorithms for compositional data,통계학
objective bayesian analysis using reparameterization for type ii hybrid censored rayleigh data,통계학
matrix valued heterogeneous autoregressive modeling,통계학
hierarchical bayesian approach to skew normal distribution with random effects,통계학
이진분류 성능 평가를 위한 벌점정확도와 이징모형,통계학
bertopic을 활용한 언론기사와 아파트 실거래가격지수의 관계분석,통계학
결합된 제  종 점진적 복합 중도절단에서 하프삼각분포의 모수 추정,통계학
ridge regression splines with knot selection via   ell    penalty,통계학
다중 시계열을 이용한 장기 예측 transformer 모델,통계학
한국어 텍스트 분류 분석을 위한 데이터 증강 방법,통계학
hiss  자기 지도 보조 작업을 결합한 계층적 다중 작업 학습,통계학
스켈레톤 데이터에 기반한 동작 분류  고전적인 머신러닝과 딥러닝 모델 성능 비교,통계학
빅데이터 환경에서 다중 슬롯머신 문제에 대한 톰슨 샘플링 방법,통계학
투영 조합을 통한 빅데이터 앙상블 모형,통계학
심층신경망으로 가는 통계 여행  첫 번째 여행  회귀모형에서 심층신경망으로,통계학
심층신경망으로 가는 통계 여행  두 번째 여행  rnn의 구조와 이미지 분류,통계학
심층신경망으로 가는 통계 여행  세 번째 여행  언어모형과 트랜스포머,통계학
불균형 데이터의 분류 성능 향상을 위한 일반화된 불균형 비율 gir  기반의 과소 표집 canonical forest  gc forest ,통계학
스트리밍 서비스 사용이 iptv 시청에 미치는 인과적 영향 분석,통계학
joint modeling of multi scale stock price using hierarchical hidden markov models,통계학
학습기에 따른 부스팅 성능 비교,통계학
dea와 sfa 모형을 이용한 한국 프로야구의 비용효율성 분석,통계학
투자심리와 주식 유동성 간의 관계,통계학
대학생의 디지털 리터러시 변화에 대한 종단연구  잠재성장모형을 적용하여,통계학
스크린 골프 이용자의 수준별 경기력 비교 분석 및 스코어 예측,통계학
자율주행 자동화 수준과 도로형태에 따른 이차과제 수행과 상황인식 차이,통계학
법적 판단에서의 증거평가 차원  다차원 척도법 및 펴기의 적용,통계학
문자중계와 몬테카를로 시뮬레이션 기반 배구 경기 승패 예측에 관한 연구,통계학
대학 재학생들의 중도탈락 패턴 분석 및 이탈 예측  h 대학교를 중심으로,통계학
히스토그램 자료를 위한 성긴 k 평균 군집분석에 관한 연구,통계학
자율주행 차량 사고 원인 분석을 통한 안전성 제고 방안,통계학
머신러닝 분류 모형을 이용한 netflix 콘텐츠 시청 시간 예측,통계학
의사결정나무 분석에 대한 국내 연구 동향 탐색,통계학
빅데이터를 활용한 소셜미디어 기후변화 회의론 네트워크와 인플루언서 메시지 구조 분석  사회연결망 분석과 의미연결망 분석의 적용,통계학
동태적 관점에서 본 환경정책과 생산성의 관계  제조업을 중심으로,통계학
주식시장 수익률과 개인 투자자의 매매 성향,통계학
축제 방문 동기에 따른 축제방문객 시장세분화 연구  설악문화제 중심으로,통계학
시니어 창업의 내 외적 동기가 창업의지와 창업행동에 미치는 영향,통계학
신규간호사의 임상수행능력에 영향을 미치는 요인,통계학
국내 간호대학생의 임상수행능력 관련 변인에 대한 체계적 문헌고찰 및 메타분석,통계학
온라인 수업을 경험한 간호대학생의 학습몰입과 문제해결능력이 학업성취도에 미치는 영향,통계학
자원 희소성 resource scarcity 이 자기 효능감에 미치는 영향  지각된 통제감의 매개효과,통계학
댓글분석을 활용한 사이코패스 인식  웹크롤링과 lda를 중심으로,통계학
finding an nare whose minimal nonnegative solution represents first passage quantities in the two dimensional brownian motion,통계학
double data piling  a high dimensional solution for asymptotically perfect multi category classification,통계학
penalized empirical likelihood for longitudinal expectile regression with growing dimensional data,통계학
enhancing social media post popularity prediction with visual content,통계학
classical and bayesian inferences of stress strength reliability model based on record data,통계학
aerosol optical depth prediction based on dimension reduction methods,통계학
option pricing and profitability  a comprehensive examination of machine learning  black scholes  and monte carlo method,통계학
asymptotic results of error density estimator in nonlinear autoregressive models,통계학
jackknife model averaging for linear regression models with missing responses,통계학
two sample test of stochastic block models via the maximum sampling entry wise deviation,통계학
nonparametric tests for combined location scale and lehmann alternatives using adaptive approach and max type metric,통계학
construction of trend free optimal block designs under some correlation structures,통계학
linear hypothesis testing in ultra high dimensional generalized linear mixed models,통계학
multiple values inflated bivariate inar time series of counts  featuring zero one inflated poisson lindly case,통계학
the alignment between contextual and model generalization  an application with pisa     ,통계학
segmentation of binary sequence via minimizing least square error with total variation regularization,통계학
a garch midas approach to modelling stock returns,통계학
an approach based on clustering for detecting differentially expressed genes in microarray data analysis,통계학
functional hierarchical clustering using shape distance,통계학
nonparametric logistic regression based on sparse triangulation over a compact domain,통계학
implementation of the sequential optimal design strategy in type ii progressive censoring with the glm based mechanism,통계학
계층적 베이지안 웨이블릿 모형을 이용한 기온 예측,통계학
기업의 신용등급 예측   기계학습 모델을 활용한 해석,통계학
covid    시기 경상북도 권역별 산업 활동 변화  통행속도 데이터 기반 종단 연구,통계학
sec 프로세스를 통한 이종 산업 간 데이터 결합 문제 해결,통계학
대전광역시 공공자전거 이용량 수요 예측모형 연구,통계학
일반화된 점진적 복합 중도절단에서 하프로지스틱 분포의 추정,통계학
prediction of a software reliability model considering the finiteness of software faults,통계학
pisa      학생의 디지털 기기 활용 자율성 예측변수 선택 후 통계적 추론  모의실험 기반 실증연구,통계학
대칭적 반사 정렬을 통한 평면상의 형태 데이터 분석 연구,통계학
resampling based methods for the error control of variable selection in high dimensional genomic data,통계학
hierarchical bayesian modeling of atlantic storms based on the sea surface temperature field,통계학
student school fit for children with disabilities  the mediating role of independent participation from parents  perspectives,통계학
  세 이상 고령자의 노후대책 충분성 연구,통계학
머신러닝을 활용한 실용적인 대학생 중도탈락 예측 시스템 개발,통계학
단어선택과 smote 알고리즘을 이용한 불균형 텍스트 데이터의 소수 범주 예측성능 향상 기법,통계학
effect of media type and number of dry days on the performance of packed bed wetland,기타자연과학
fucoidan ameliorates tnf  induced insulin resistance by inhibiting socs   jnk activation and i b  degradation in  t  l  adipocytes,기타자연과학
영주호 수질개선을 위한 효과적인 댐 운영계획 적용방안에 관한 연구,기타자연과학
test bed 규모의 하이브리드형 인공 습지의 오염저감도 평가,기타자연과학
기상학적 가뭄에서 수문학적 가뭄으로의 인과 기반 가뭄 전파 분석,기타자연과학
한반도 주요 낙엽활엽수림인 신갈나무군락의 구조적 특성 및 천이 예측,기타자연과학
남강유역에서의 시설재배지가 본류 수질에 미치는 영향분석,기타자연과학
도시공원과 도로변 녹지의 식물체 탄소량 비교 및 순일차생산량과 기후요인인 기온과 강수량과의 관계,기타자연과학
세종시 토지이용에 따른 탄소흡수능력 변화 및 마을습지 기능평가,기타자연과학
복원 초기 우포늪 산밖벌의 생태적 특성 및 관리방안 연구,기타자연과학
인간 전립선 암세포에서 dna 손상  세포주기 교란  세포 사멸 유도 및 침윤성 억제를 통한 베툴린산의 항암 활성,기타자연과학
모자반과 모자반 유산균 발효물의 비타민 k 분석 및 항산화와 항염 효능,기타자연과학
비식생 갯벌 표층에서 탄소 저장률 산정 및 영향인자 분석   함평만과 순천만,기타자연과학
항생제 오염관리를 위한 인공습지의 연구동향  계량서지학 분석 및 종합검토,기타자연과학
vhi의 모니터링 성능 개선 및 기상학적 요인 변화에 따른 식생 반응의 정량적 평가,기타자연과학
기후변화 대응과 관련된 습지 활용사례 및 정책 개선방향,기타자연과학
동진강 일대 생태계교란 식물 양미역취 solidago altissima 의 고밀도 군락 내 중장비를 활용한 제거 효과,기타자연과학
금강수계 유기물질 분포 및 거동 특성 연구,기타자연과학
점봉산 산지 수계의 저서성 대형무척추동물 분포 특성 및 강우가 군집에 미치는 영향 연구,기타자연과학
고흥군 산지습지에서의 탄소 저장 및 플럭스의 계절 공간적 변화 연구,기타자연과학
섬유여재 여과장치에 의한 건설사업장 흙탕물 처리에 관한 연구,기타자연과학
국내 피트 치유자원의 활용 및 기준에 관한 연구,기타자연과학
호랑이콩 껍질 추출물의 피부 과다색소침착에 미치는 영향,기타자연과학
사람의 다양한 암세포주 및 정상세포주에서 메트포르민에 대한 다른 세포 독성 효과,기타자연과학
미강 발효물 nk의 면역 증강 활성에 영향을 주는 제조공정,기타자연과학
 t  l  지방전구세포에서 갯완두의 지방축적 억제 효과,기타자연과학
치주질환에서 porphyromonas gingivalis의 역할,기타자연과학
커피 찌꺼기 오일을 이용한 medium chain length polyhydroxylalkanoate생합성,기타자연과학
꿀벌 유충에서 분리된 fructobacillus fructosus f 의 프로바이오틱스 특성 분석,기타자연과학
glutamine 대사항암제의 개발과 전망,기타자연과학
google earth engine 기반 랜덤 포레스트 알고리즘을 활용한다중 센서 위성영상 분류  국토위성영상의 적용,기타자연과학
sentinel   영상 기반 자동 지상기준점 추출 방법을 이용한 농림위성영상 정사영상 생성,기타자연과학
performance comparison of water body detection from sentinel   sar and sentinel   optical imagery using attention u net model,기타자연과학
uav 및 열적외선 센서 관측을 통한 폭염저감시설의 시 공간적 비교 분석   장유무계지구 쿨루프를 대상으로  ,기타자연과학
optimal hyperparameter analysis of segment anything model for building extraction using kompsat    a images,기타자연과학
딥러닝 기법을 이용한 연안 양식 시설 탐지의 정확도 평가,기타자연과학
동아시아 지역의 토지 유형에 따른 식생 지수의 계절적 변동성 및 온실가스와의 상관성 분석,기타자연과학
초소형 위성과 연계한 딥러닝 수계 및 침수 지역 탐지 활용성 평가  planetscope 위성 영상과 hrnet 모형,기타자연과학
sentinel  과 sentienl   영상을 이용한 저수지 수면적 추정,기타자연과학
evaluation of surface reflectance and vegetation indices measured by sentinel   satellite using drone considering crop type and surface heterogeneity,기타자연과학
a comprehensive review of remote sensing for water related disaster management in south korea  focus on floods and droughts,기타자연과학
automated updates of coordinates of ground control points through tiepoints from multiple satellite images,기타자연과학
application of goci to the estimate of habitat for mackerel in the south korea exclusive economic zone,기타자연과학
alos   간섭기법을 통해 발견된 동남극 vostok 빙저호 부근의 활성 빙저호,기타자연과학
study on automated forest change detection using medium  resolution satellites  the case study of dogyemyeon  samcheok city,기타자연과학
드론 시계열 영상 기반 노지 배추의 생육 및 수분 스트레스 진단,기타자연과학
소규모 농지에 대해 sam을 활용한 무인기영상의 필지 기반 작물분류,기타자연과학
정규화 적설지수의 대기보정 영향 분석  토지피복별 ndsi 변화 및 적설탐지 특성,기타자연과학
satellite based coral reef habitat mapping in weno island using water column corrected high spatial resolution image,기타자연과학
sentinel  를 이용한 한반도 식생지수 변이의 추세 분석 및 가시화 색상체계 정의,기타자연과학
토지피복 분류를 위한 멀티 모달 모델의 활용 가능성 평가,기타자연과학
current status of satellite development and application,기타자연과학
history  status  and prospects of remote sensing in the field of meteorological satellite in korea,기타자연과학
progress in current research and applications of the geostationary ocean color imager series  goci and goci ii   a bibliometric analysis,기타자연과학
pioneering air quality monitoring over east and southeast asia with the geostationary environment monitoring spectrometer  gems ,기타자연과학
history  status  and prospects of remote sensing in agriculture in republic of korea,기타자연과학
advancement and applications of forest remote sensing in korea  past  present  and future perspectives,기타자연과학
national disaster management and monitoring using satellite remote sensing and geo information,기타자연과학
geological remote sensing of korea,기타자연과학
four decades of polar research in remote sensing  a comprehensive review,기타자연과학
national spatial data policy and remote sensing  technological advancements  policy implications  and future prospects,기타자연과학
history  status  and prospects of remote sensing in korea,기타자연과학
구취균 porphyromonas gingivalis에 대한 황칠나무 잎 추출물과 수액 발효물의 항균 효과,기타자연과학
ros 생성의 저해와 pi k akt 신호계의 불활성화를 통한 산초나무 잎의 메탄올 추출물의 지방세포 분화 억제,기타자연과학
mc t  e  세포에서 최종당산화물에 의한 세포와 미토콘드리아 손상  조골세포 분화능  조골 및 파골 활동성 변화에 미치는 후코이단의 효과,기타자연과학
enhancing microbial resilience  the role of adaptive laboratory evolution in industrial biotechnology,기타자연과학
prohibitin  와 근위축성 측삭 경화증 원인 단백질인 kinesin superfamily protein  a의 결합,기타자연과학
distribution survey of babesia and assessment of tick borne diseases in jeju  republic of korea,기타자연과학
synergistic effects of combined protac based ezh  degrader and mettl  inhibitor in burkitt s lymphoma,기타자연과학
고정시간과 온도에 따른 조직 슬라이드의 염색성 및 dna 보존성 연구,기타자연과학
우리나라 전 후기 노인 손상환자 특성분석       퇴원손상통계          년  자료를 중심으로,기타자연과학
경동맥이중초음파검사에서 관찰된 자발에코대조,기타자연과학
경두개 도플러 초음파 검사 지침서,기타자연과학
보건연구사 공중보건 직류  응시자격에 임상병리학 임상검사과학  추가와 관련된 기초조사,기타자연과학
fludarabine ameliorates lupus nephritis by inhibiting t cell infiltration through stat  in r    induced mice models,기타자연과학
경두개 초음파를 이용한 좌우단락검사 시 blood 사용 유무와 환자 자세에 따른 실증적 결과 비교,기타자연과학
한국인    명을 대상으로 한 hla a 및 hla dr 대립유전자 빈도 및 일배체형 연관성에 대한 종합적 분석,기타자연과학
우리나라 성인에서 가정 실내공기질과 난청 사이의 관계  국민건강영양조사          ,기타자연과학
간호보건계열과 비보건계열 대학생들의 의료용 방사선피폭과 방사선조사식품의 인식에 관한 연구,기타자연과학
enhancement of protein aggregate clearance in huntington s disease model via crispr dcas  activation of nagk and reln genes,기타자연과학
benzene으로 유도한 골수독성에 대한 참당귀 추출물과 커피 생두 추출물의 예방효과 연구,기타자연과학
protaetia brevitarsis seulensis larvae 장내 유래 bacillus velezensis f     의 프로바이오틱스 특성 분석,기타자연과학
natural quercetin derivatives  structures and biological activities based on enzyme inhibition,기타자연과학
tir 촉매반응에 의해 생성된 소분자들의 식물면역반응에서의 역할,기타자연과학
effects of high dose intravenous vitamin c on colorectal cancer recurrence  the retrospective study by medical records for    years,기타자연과학
effect of the application of vibration foam rollers before and after resistance exercise on blood muscle injury markers and muscle stiffness,기타자연과학
clinical validation of a mobile based acr  urine albumin to creatinine ratio  test kit  comparative analysis with benchtop devices,기타자연과학
the impact of mothers  smartphone use  ehealth literacy  maternal role performance confidence  and online social support on health promotion behavior for infants and toddlers,기타자연과학
influence of depression and subjective health status on covid    vaccine acceptance  based on the      community health survey,기타자연과학
nurses  experiences with the use of electronic nursing record  a qualitative study,기타자연과학
bacillus amyloliquefaciens jfp   의 다양한 배양조건에서 어류 질병세균에 대한 항균 활성 효과s,기타자연과학
green synthesis of nanoceria and the mechanism behind their antibacterial activity,기타자연과학
시판 한식간장 염도와 간장 미생물 다양성 및 바이오제닉 아민 농도와의 상관관계,기타자연과학
흑생강 추출물의 chon     세포에서의 il   로 유도된 염증과 mmps 발현 억제 효과,기타자연과학
유전적 특성과 농업형질의 비교분석을 통한 유전자 교정 벼의 안전성 평가,기타자연과학
beta cyclodextrin과 lysine을 이용한 가용화 커큐민 생체 이용률 및 경구 흡수율 개선 확인 실험,기타자연과학
미세플라스틱에 의한 세포 노화 유도의 최근 연구 동향,기타자연과학
수체 추출을 위한 geo sam 기법의 응용  국토위성영상 적용 실험,기타자연과학
딥러닝 기반 윤곽정보 추출자를 활용한 rpc 보정 기술 적용성 분석,기타자연과학
내륙습지 총량관리제도의 고찰 및 도입 방안 제안,기타자연과학
아파트 공용공간의 실내녹화 도입에 대한 입주민과 관리자 측면의 인식 조사 연구,지구과학
서울과 부산지역의 기후변화 오존 연관성 연구  수도권과의 비교연구 v ,지구과학
중국 생활폐기물 사례로 살펴본 개발도상국과 신흥국의 소각 처리를 이용한 폐기물 에너지화 wte 에 따른 경제성 평가,지구과학
국립수목원 내 방문생물 곤충 조류 의 방문 목적 연구,지구과학
아산지역의 금개구리 대체서식지 모니터링 및 환경요인 분석,지구과학
국가 신재생에너지 정책시나리오 기반 전환부문 온실가스 감축기여도 분석,지구과학
seasonal variations of water temperature and salinity in the vicinity of the nakdong river estuary,지구과학
낙동강 하구 인근 해저 표층 퇴적물의 지화학 조성  화학적 풍화와 기원지,지구과학
estimations of river discharge of the congo and orinoco basins using gravity based remote sensing technique,지구과학
중학교 학생들의 대기압 방향에 대한 개념 변화,지구과학
초등학생들의 지질학적 시간 개념에 대한 인식 연구  퇴적암 형성 과정을 중심으로,지구과학
한반도 연안 해역에서의 sentinel  a b slstr 피층 해수면온도 검증,지구과학
기후모형 cmip   해면수온의 북서태평양 음의 오차와 계절 차이,지구과학
영주댐 건설이후 댐내 퇴적물 오염도 변화,지구과학
육묘기 저온 처리가  설향  딸기의 화아분화 감응과 과실 수량에 미치는 영향,지구과학
대나무 저온 피해의 현황과 원인,지구과학
경남 동부지역 초등학교 학교숲의 식생 특성,지구과학
금속 도핑된 탄소나노튜브 필터의 전기화학적 특성평가,지구과학
an exploratory study for modeling an environmental footprint assessment,지구과학
곤충에 대한 소비자 인식 및 태도,지구과학
enhancing data accessibility and usability  insights from observation data at the ieodo ocean research station            ,지구과학
long term changes in deep ocean currents between ulleung island and dok island in the east sea from      to     ,지구과학
낙동강권역 동해안 하천의 어류 다양성,지구과학
무인항공기 영상을 활용한 야외 식재지 병해충 예찰 및 안전관리모니터링,지구과학
딥러닝 기반 정지궤도 환경위성 황사 탐지 데이터셋,지구과학
백두대간보호지역의 외래식물 분포 현황,지구과학
고창군 생물상 출현 현황,지구과학
a dataset for species distribution modelling of mangroves in vietnam  based on the national forest inventory monitoring,지구과학
갯벌 표층 퇴적물의 입도  물성 및 유기물 특성 연구      년  월 천수만 황도 갯벌 데이터셋,지구과학
  sr 및        pu의 퇴적층 오염이 해양생물 먹이망을 통한 전이에 미치는 장기적 영향  물리 퇴적환경 요소 민감도 평가,지구과학
수중 촬영 영상 기반 해양치유 vr 힐링콘텐츠 제작 방법,지구과학
균근균을 활용한 구상나무 abies koreana e h wilson  유묘의 생육 증진 효과,지구과학
eco friendly photocatalytic transformation of greenhouse gas co  into precious ch  fuel via cu deposited black tio  under simulated sunlight irradiation,지구과학
transforming apple pomace into valuable resources  upcycling for carbon reduction and circular resource utilization,지구과학
엽록소 형광 분석을 활용한 착색기 감귤의 고온 스트레스 평가,지구과학
방사성 핵종 cs 처리된 토양에 유기물 함량이 배추의 생육에 미치는 영향,지구과학
녹산국가산단의 대기질 개선 및 관리방안  휘발성유기화합물질 위주로,지구과학
침전 및 부상 공정에서 pac 응집제 종류별 po     이온 제거 효율 비교,지구과학
지구과학 데이터 활용 프로젝트 학습이 중학생의 지식정보 처리 역량 및 의사소통과 협업 역량에 미치는 영향,지구과학
기상 데이터 분석 과정에서 나타나는 오류의 유형과 맥락 탐색,지구과학
슈퍼블루문 기사 내용분석을 통한 과학 커뮤니케이션의 중요성 및 개선방향 연구,지구과학
지구과학교육을 위한  활동적 고유한 가치  제안  eratosthenes 지구 크기 측정을 중심으로,지구과학
데이터 시각화 역량 관점에서      개정 수학 과학 교육과정의 성취기준 분석,지구과학
초등학교  학년을 위한 디지털 활용 천문우주 steam 프로그램의 효과 분석,지구과학
초등 예비교사가 평가 문항 제작 시 주목하는 것은 무엇인가   날씨와 우리 생활 단원을 중심으로,지구과학
numerical simulation of quasi spherical  supersonic accretion flows   code and tests,지구과학
soil moisture retrieval method utilizing gps ground reflection signals,지구과학
preliminary study on black ice detection using gps ground reflection signals,지구과학
prediction performance of ocean temperature and salinity in global seasonal forecast system version    glosea   on argo float data,지구과학
geoacoustic model of erosional shelf ridges in the mid eastern yellow sea,지구과학
지구과학 데이터 활용 프로젝트 학습이 중학생의 지식정보 처리 역량 및 의사소통과 협업 역량에 미치는 영향,지구과학
초등학교  학년을 위한 디지털 활용 천문우주 steam 프로그램의 효과 분석,지구과학
초등 예비교사가 평가 문항 제작 시 주목하는 것은 무엇인가   날씨와 우리 생활 단원을 중심으로,지구과학
galaxy galaxy interaction plays a minor role in the variation of the fir radio correlation of star forming galaxies,지구과학
electrical and hydraulic characteristics of an alluvial bed under the influence of pumping and rainfall,지구과학
descriptive characteristics of systematic functional gestures used by pre service earth science teachers in classroom learning environments,지구과학
배치 플라워가 반려견의 스트레스 감소에 미치는 효과,지구과학
utilization of city biodiversity index for biodiversity education to improve the urban environment,지구과학
유튜브 영상을 통해 본 강릉 경포지구의 여행 특성 분석,지구과학
efficacy of light and odor barriers in controlling insect pest evasion by modulating light and gas environments,지구과학
남해 서부 연안해역의 난류 확산 특성,지구과학
synoptic scale meteorological clustering analysis of volcanic ash inflow into the korean peninsula following the eruption of mt  baekdu,지구과학
꾸지뽕나무 자생지의 생육환경과 식생구조,지구과학
reviewing the assessment of optimal yield of groundwater in korea,지구과학
항공 초분광 영상과 sam 기법을 이용한 백화현상 탐지  서해 도서 지역을 중심으로 ,지구과학
swmm 기반 srtm dem을 활용한 강우 유출 모의 가능성 평가,지구과학
주요 수간곡선식 비교에 따른 남부지역 곰솔 수간재적표 개발,지구과학
계곡부의 하상 특성이 수문 인자에 미치는 민감도 분석,지구과학
금강유역 신규조성습지의 환경 특성이 동물플랑크톤 군집 구조에 미치는 영향,지구과학
environmental influences on spad values in prunus mume trees  a comparative study of leaf position and photosynthetic efficiency across different light conditions,지구과학
전기차 배터리 소모량 분석모형 개발 및 실증,지구과학
utilization of satellite technologies for agriculture,지구과학
대형 해양관측부이 관측 현황과 해양 모니터링,지구과학
상용 iot 센서를 활용한 안벽 접안 이벤트 모니터링 기술 개발,지구과학
특정도서의 외래식물 분포 현황,지구과학
정제된 gedi level  a 데이터베이스 구축  경기도 지역을 중심으로,지구과학
생태 자연도  등급 권역 내 지형의 공간분포 현황,지구과학
항공 초분광 원격탐사 실험 기반 선박 스펙트럼 분석 및 탐지,지구과학
충남 서부지역의 선형구조와 단층지형,지구과학
집단적 pck 관점에서 학생들의 지구과학 개념 이해에 대한 질적메타 분석  온실 효과  지구 온난화  기후변화 개념을 중심으로,지구과학
인공위성 rgb 영상 기반 중등학교 교과서태풍 풍속 산출 및 데이터 시각화 프로그램 개발,지구과학
북서태평양 장기 고해상도 지역해양 재분석 자료 생산 및해양기후변화 진단,지구과학
충남 태안군 신두리 대조차 해빈에 나타나는 다중사주의계절별 지형변화 특성,지구과학
지구과학 예비교사들의 컴퓨팅 사고에 대한 인식 탐색,지구과학
동해안과 남해안 일대 하구습지 내 생태계교란 생물 분포 현황,지구과학
순천동천의 수변공간 데이터 기반 횡적연속성 평가,지구과학
effect of co  supply on lettuce growth,지구과학
국립공원 내 자생하는 고산 및 아고산식물의 분포 특성과 다양성,지구과학
친환경 옥상 도시농업 활성화를 위한 배식모형에 따른 가지 solanum melongena 와 메리골드 tagetes erecta  식재효과,지구과학
gps tag를 이용한 하늘다람쥐의 행동권 연구,지구과학
국토계획과 환경계획 수립과정의 통합적 연동체계에 대한 연구,지구과학
토지이용도와 초기 기상 입력 자료의 선택에 따른 지상 기온 예측 정확도 비교 연구,지구과학
산림조성을 기반으로 한 기업의 생물다양성 보전 활동 분석  kt g의 사례를 중심으로,지구과학
effect of artificial light source on the growth and quality of lettuce,지구과학
토마토 수경재배에서 플라즈마를 이용한 시들음병균 fusarium oxysporum f  sp   불활성화,지구과학
effects of plant essential oils on physiological changes,지구과학
the effects of artificial light sources on lettuce seedling vigor and growth,지구과학
광주지역 미세먼지 pm     중 중금속 농도분포 및 위해성 평가,지구과학
알루미늄 주조과정에서 배출되는 입자상물질의 물리 화학적 특성,지구과학
테크놀로지 활용 과학 수업에서 분산인지 이론 기반 수업 전략의 개발 및 타당화,지구과학
일조 모델과 측정을 통한 도시 지역 건물의 일조 시간과 표면 온도 분석,지질학
지표환경에서 리튬 동위원소 분별,지질학
수자원의 보존과 활용을 넘어 전지구 물순환 연구를 위한 새로운 도전,지질학
    년 케냐 홍수에 대한 기후학적 분석 및 미래전망,지질학
광양만 용존 희토류 원소의 농도 분포,지질학
강 유량의 계절적 변화를 나타내는 통계 모델 개발,지질학
 차원 확산 해석해를 통한 저투수성 매체의 만곡도 추정 연구,지질학
 행매층의 새로운 정의와 이의 지질학적 중요성 에 대한 반론,지질학
박채원 외        지질학회지                행매층에 대한 새로운 정의와 이의 지질학적 중요성 의 반론에 대한 회답,지질학
형산강의 수리지화학 특성,지질학
자철석 가루 투입량이 페놀 폐수의 혐기성 소화에 미치는 영향 평가,지질학
남극 로스해 대륙대 퇴적물의 대자율 이방성 연구  고수류 변화 복원에 대한 적용 가능성 평가,지질학
강 연안 해양 환경 내 유기탄소 질소의 공간적 기원 변동 특성,지질학
스트론티아나이트에 의한 방해석 치환 예비연구,지질학
network science approaches for analyzing regional interactions of sea surface temperature,지질학
water vapor retrievals from the ground based direct sun measurements based on the spectral langley method,지질학
시계열 동위원소 변동성을 통한 인위적 영향 분석과 지표수 평균체류시간의 추정,지질학
 지질학회지 의 연구주제와 동향 분석  lda 모델과 네트워크 분석을 중심으로,지질학
천연수소의 잠재적 근원암인 초고철질 사문암  암체의 국내 분포와 특징 고찰,지질학
textural and mineralogical characteristics of sediments originated from salt domes in the northern part of the hormuz strait,지질학
groundwater productivity analysis with geology in the geumgang river region  korea,지질학
use of discharge variability  aquifer memory effect  and recession curve analysis in several springs to characterize karst aquifers in the tropical area,지질학
he ar isotopic signatures of the mesozoic granitoids in south korea  implications for genesis of the granitic magma and crustal evolution in ne continental margin of the eurasian plate,지질학
integration of fuzzyahp and machine learning algorithms for climate driven gully erosion susceptibility mapping  predicting future trends in the eastern lateritic region  west bengal  india,지질학
deep learning algorithms based landslide vulnerability modeling in highly landslide prone areas of tamil nadu  india,지질학
analysis of watershed terrestrial water storage anomalies by bi lstm with x    time series prediction combined model,지질학
interpretation of geometry of greenstone belts and nature of fluid pathways for gold deposits using strain and vorticity analyses of shear zone   insights from ramagiri penakacherla transcratonic shear zone system,지질학
study and application of wide azimuth seismic anisotropy analysis and correction in shale reservoir in gulong sag  songliao basin  china,지질학
effects of tidal variation characteristics on analysis results in coastal pumping test,지질학
first evidence of magmatic ni cu sulfides and hydrothermal zn mineralization in jumun island  central western korean peninsula,지질학
fabrication methods of multi mineralic fault gouge analogues using a high energy ball mill,지질학
applications of paleomagnetism and rock magnetism in understanding volcanic processes and timescales  perspectives to korean volcanological research,지질학
dynamic analysis of soil erosion and sediment yield engrossment involving rainfall  land use and land cover impacts using gis based rusle   sdr modeling  southern western ghats river basin of kerala  india,지질학
new evidence of late quaternary earthquake surface rupturing along the gongju fault  central korea,지질학
한국대지 xrd 실험자료 대상 k 평균 군집화 모델 적용성 분석,지질학
딥러닝 기반 지하수위 예측 모델 개발에 있어 데이터 부족 문제 해결을 위한 전이학습의 응용,지질학
비소 오염토양의 효과적 정화를 위한 열수합성 마그네슘알루미늄 이중층수산화물 왕겨 하이드로차 나노복합체의 형성 및 이화학적 특성에 미치는 에이징 효과 규명,지질학
광물자원 탐사를 위한 지구화학적 접근,지질학
geochemical characterisation of magnesian intrusives within high grade migmatite gneiss terrain  insight from plutons around iwo area  southwest nigeria,지질학
도심 습지의 생태계 서비스와 탄소 흡수 평가  대전 갑천습지 사례 연구,지질학
editorial  special issue on  advances in active tectonics in korea  multidisciplinary approaches to understanding faulting and volcanism ,지질학
multi scale analysis and paleoseismic investigations along the geumwang fault  an example of integrated approach in paleoseismology in slow tectonic region,지질학
multi archive record of late quaternary paleoseismicity along the surface projection of the      pohang earthquake seismogenic fault  se korea,지질학
deformation microstructures of fault rocks from the northern yangsan fault  se korea  implications for coseismic and aseismic behavior,지질학
application of electrical resistivity surveys to detect buried active fault  a case study of the southern yangsan fault  korea,지질학
the hupo basin  a neotectonic piggyback basin on the eastern korean margin,지질학
segmentation geometry of strike slip fault systems in slow deforming regions  a proposed method and case study of the yangsan fault  south korea,지질학
age and relative uplift of marine terraces controlled by fault activities along the eastern coast of korea,지질학
reexamination of the magma plumbing system of the suwolbong tuff ring  jeju island  korea  based on a refined componentry analysis,지질학
implication of nari caldera structure of ulleung island from a   d resistivity model using magnetotellurics,지질학
revisiting geochemical perspectives on degassing of the subcontinental lithospheric mantle,지질학
prospects of utilizing the korean satellite program for geological disaster detection and analysis,지질학
integrated passive and active seismic profiling for detection of buried faults  a case study at the north end of the miryang fault in the geoncheon valley  southeastern korean peninsula,지질학
morphology and development of volcanic hummock structures at the jimibong horseshoe scoria cone  jeju island  south korea,지질학
a comparative study of different radiometric dating techniques applied to quaternary volcanic rocks from jeju island  south korea,지질학
data and early results from temporary seismic arrays for monitoring and investigating magmatic processes beneath mt  halla and ulleung island volcanoes  south korea,지질학
physical conditions for basaltic volcanism beneath the jeju volcanic field and the geodynamic implications,지질학
인공위성 원격탐사 기반 메탄 배출 모니터링 기술 현황,지질학
폐광산 지반안정성 조사용 시추주상도의 분류 및 데이터베이스화를 위한 딥러닝 및 광학문자인식 기술의 적용,지질학
공극 규모 반응성 운송 모델링의 연산 효율 향상을 위한 지화학 반응 대리 인공신경망 모형 개발,지질학
denoising laplace domain seismic wavefields using deep learning,지질학
지질과학 분야 한국어 대규모 언어 모델 개발,지질학
활석  질석  해포석  사문석 등 석면함유 가능성이 있는 광물 함유 제품의 석면 분석 및 광물학적 특성,지질학
몽골 울란바토르 복드칸 궁전 및 초이진 라마사원 벽돌과 기와의 재료학적 특성 및 고고과학적 의미,지질학
경북 동해안 지질공원 호미반도 둘레길  선바우 하선대 일대의 화산 및 퇴적 활동사,지질학
제주도 성산일출봉의 다단계 화산분출,지질학
교통 잡음으로부터 표면파 추출을 위한 지진파 간섭법의 비교,지질학
exploring microbial diversity in south korean caves through shotgun sequencing  contrasting dry and wet environments  swabbing versus sediment sampling,지질학
제주도 머체의 지질특성,지질학
microplastics entry routes into humans  possible health effects  laws  and policies  a review,지질학
박채원 외       지질학회지              의  행매층에 대한 새로운 정의와 이의 지질학적 중요성 에 대한 비평,지질학
포항분지 내 저탁류성 이암과 반원양성 이암의 차이점  psg   시추공의 퇴적상  대자율이방성  총유기탄소 함량 분석 결과,지질학
남한의 판운동과 지각변형에 대한 소고,지질학
박채원 외       지질학회지               행매층에 대한 새로운 정의와 이의 지질학적 중요성 의 비평에 대한 답변,지질학
황철석내 미량원소 분포 및 형태  연 아연 광상의 탐사에 대한 적용,지질학
아이슬란드 순드누쿠르 sundhn kur 에서          년 발생한 틈새 분화의 전조현상과 화산활동,지질학
효과적인 쇄설성 모나자이트 분리법,지질학
현무암질 용암류 내에서 가스 파이프 성장에 따른 원위치 분화작용,지질학
seismic anisotropies of the yugu peridotites  gyeonggi massif  south korea  and their seismic implications in mantle shear zones,지질학
a comparative study of  d numerical simulations using vector and potential methods for extending  d modeling of planetary evolution,지질학
simultaneously leaching of copper and manganese from low grade ore from boleo mine by bacterial sulfur oxidation,지질학
무인항공 초분광 영상을 기반으로 한 고도에 따른 퇴적물 함수율 탐지 고찰,지질학
중력장 및 자기장 해석에 따른 풍암분지 일원 금왕단층의 지구조적인 변위,지질학
고준위방사성폐기물 심층처분 부지 수리 지질 안전 규제를 위한 국내 지질환경 수리 특성 평가,지질학
유기  무기 및 미생물학적 안정화제가 비소 및 중금속의 벼 전이에 미치는 영향,지질학
국내 천연기념물 현무암체들의 형성시기와 암석학적 특징,지질학
the role of organic matter in gold occurrence  insights from western mecsek uranium ore deposit,지질학
고준위방사성폐기물 지층처분 암종 평가를 위한 경상분지 진주층 예비연구  암상 및 광물학적 특성을 중심으로,지질학
국내 천연석재 산업의 수급 동향과 지역별 유통분석,지질학
geochronology and geochemistry of the polyphase mafic rocks in the north liaohe group  jiao liao ji belt  north china craton  implications for petrogenesis and tectonic evolution,지질학
geochemistry and geochronology of the ordovician qianhe metabasalt in northwest china  implications for the northern boundary of qinling orogenic belt in heavily loess covered regions,지질학
spatial distribution and origin of soil co  in andeok area  jeju,지질학
complex fault geometry and slip distribution of      mw     menyuan  china  earthquake from joint inversion of gnss and insar observations,지질학
monitoring activity in mount melbourne  antarctica  by multi temporal sar interferometry based on the icops algorithm,지질학
고흥반도 유주산 칼데라 주변 화성암류의 shrimp u pb 연대측정과 칼데라 함몰 및 소생 시기,지질학
행매층에 대한 새로운 정의와 이의 지질학적 중요성,지질학
국내 외 지질공원 관리 현황  유네스코 세계지질공원 보유국을 중심으로,지질학
강원도 북부 동해안 연안류에 의해 운반되는 석영입자표면미세조직의 변화,지질학
경기도 안산시 하부 백악기 탄도층에서 산출된 신조반류 지골 화석,지질학
화천화강암 추곡령암체의 저어콘 u pb 연대 및 성인에 대한 지화학적 연구,지질학
